{
    "packages": [
        {
            "name": "ivopetkov/html5-dom-document-php",
            "version": "v2.6.0",
            "version_normalized": "2.6.0.0",
            "source": {
                "type": "git",
                "url": "https://github.com/ivopetkov/html5-dom-document-php.git",
                "reference": "2d0e3b67f0622c536a78137808c786c42330d577"
            },
            "dist": {
                "type": "zip",
                "url": "https://api.github.com/repos/ivopetkov/html5-dom-document-php/zipball/2d0e3b67f0622c536a78137808c786c42330d577",
                "reference": "2d0e3b67f0622c536a78137808c786c42330d577",
                "shasum": ""
            },
            "require": {
                "ext-dom": "*",
                "php": "7.0.*|7.1.*|7.2.*|7.3.*|7.4.*|8.0.*|8.1.*|8.2.*|8.3.*"
            },
            "require-dev": {
                "ivopetkov/docs-generator": "1.*"
            },
            "time": "2023-11-02T13:45:46+00:00",
            "type": "library",
            "installation-source": "dist",
            "autoload": {
                "files": [
                    "autoload.php"
                ]
            },
            "notification-url": "https://packagist.org/downloads/",
            "license": [
                "MIT"
            ],
            "authors": [
                {
                    "name": "Ivo Petkov",
                    "email": "ivo@ivopetkov.com",
                    "homepage": "http://ivopetkov.com"
                }
            ],
            "description": "HTML5 DOMDocument PHP library (extends DOMDocument)",
            "support": {
                "issues": "https://github.com/ivopetkov/html5-dom-document-php/issues",
                "source": "https://github.com/ivopetkov/html5-dom-document-php/tree/v2.6.0"
            },
            "install-path": "../ivopetkov/html5-dom-document-php"
        }
    ],
    "dev": true,
    "dev-package-names": []
}
